{
  "plugin_name": {
    "mae": 0.7461619973182678,
    "mse": 0.626797080039978,
    "rmse": 0.7917051724221448,
    "r2": -0.4092378616333008,
    "correlation": NaN,
    "correlation_p_value": NaN,
    "error_mean": 0.4266376495361328,
    "error_std": 0.6669163107872009,
    "param_range": 2.173128604888916,
    "relative_mae": 0.34335842728614807,
    "param_min": -0.6553880572319031,
    "param_max": 1.5177406072616577,
    "pred_min": 0.0,
    "pred_max": 0.0
  },
  "total_parameters": {
    "mae": 0.3235834538936615,
    "mse": 0.10470624268054962,
    "rmse": 0.3235834400592058,
    "r2": -117888748879872.0,
    "correlation": NaN,
    "correlation_p_value": NaN,
    "error_mean": 0.3235834538936615,
    "error_std": 2.9802322387695312e-08,
    "param_range": 0.0,
    "relative_mae": Infinity,
    "param_min": -0.3235834240913391,
    "param_max": -0.3235834240913391,
    "pred_min": 0.0,
    "pred_max": 0.0
  },
  "parameter_order": {
    "mae": 0.9311425089836121,
    "mse": 1.516908049583435,
    "rmse": 1.2316282107776824,
    "r2": -0.004860877990722656,
    "correlation": NaN,
    "correlation_p_value": NaN,
    "error_mean": 0.08566009998321533,
    "error_std": 1.2286456823349,
    "param_range": 4.984549522399902,
    "relative_mae": 0.18680575489997864,
    "param_min": -1.8359187841415405,
    "param_max": 3.1486308574676514,
    "pred_min": 0.0,
    "pred_max": 0.0
  },
  "schema_version": {
    "mae": 0.8079612255096436,
    "mse": 1.3796535730361938,
    "rmse": 1.17458655408454,
    "r2": -0.057245731353759766,
    "correlation": NaN,
    "correlation_p_value": NaN,
    "error_mean": -0.27331823110580444,
    "error_std": 1.142344355583191,
    "param_range": 3.570281505584717,
    "relative_mae": 0.22630181908607483,
    "param_min": -0.4607422947883606,
    "param_max": 3.109539270401001,
    "pred_min": 0.0,
    "pred_max": 0.0
  },
  "notes": {
    "mae": 0.729730486869812,
    "mse": 1.1182537078857422,
    "rmse": 1.05747515710098,
    "r2": -0.0031080245971679688,
    "correlation": NaN,
    "correlation_p_value": NaN,
    "error_mean": -0.058862220495939255,
    "error_std": 1.0558357238769531,
    "param_range": 2.895538330078125,
    "relative_mae": 0.25201892852783203,
    "param_min": -0.39832803606987,
    "param_max": 2.4972102642059326,
    "pred_min": 0.0,
    "pred_max": 0.0
  }
}